index,Link
Shanks,/wiki/Shanks
Benn Beckman,/wiki/Benn_Beckman
Lucky Roux,/wiki/Lucky_Roux
Yasopp,/wiki/Yasopp
Limejuice,/wiki/Limejuice
Hongo,/wiki/Hongo
Bonk Punch,/wiki/Bonk_Punch
Monster,/wiki/Monster
Gol D. Roger,/wiki/Gol_D._Roger
Monkey D. Luffy,/wiki/Monkey_D._Luffy
Nami,/wiki/Nami
Makino,/wiki/Makino
Woop Slap,/wiki/Woop_Slap
Gyoru,/wiki/Gyoru
Chicken,/wiki/Chicken
Anjo,/wiki/Anjo
Lord of the Coast,/wiki/Lord_of_the_Coast
Higuma,/wiki/Higuma
Mikio Itoo,/wiki/Mikio_Itoo
Alvida,/wiki/Alvida
Heppoko,/wiki/Heppoko
Peppoko,/wiki/Peppoko
Poppoko,/wiki/Poppoko
Koby,/wiki/Koby
Roronoa Zoro,/wiki/Roronoa_Zoro
Morgan,/wiki/Morgan
Helmeppo,/wiki/Helmeppo
Rika,/wiki/Rika
Soro,/wiki/Soro
Rokkaku,/wiki/Rokkaku
Ukkari (Character),/wiki/Ukkari_(Character)
Ririka,/wiki/Ririka
Kuina,/wiki/Kuina
Koushirou,/wiki/Koushirou
Buggy,/wiki/Buggy
Ripper,/wiki/Ripper
Buggy Pirates,/wiki/Buggy_Pirates#Tightrope_Walking_Funan_Bros
Pinky,/wiki/Pinky
Mohji,/wiki/Mohji
Richie,/wiki/Richie
Cabaji,/wiki/Cabaji
Domo-kun and Nnke-kun,/wiki/Domo-kun_and_Nnke-kun
Boodle,/wiki/Boodle
Chouchou,/wiki/Chouchou
Hocker,/wiki/Hocker
Poro,/wiki/Poro
Silvers Rayleigh,/wiki/Silvers_Rayleigh
Scopper Gaban,/wiki/Scopper_Gaban
Gaimon,/wiki/Gaimon
Cocox,/wiki/Cocox
Usagihebi,/wiki/Usagihebi
Lionbuta,/wiki/Lionbuta
Kirinkodanuki,/wiki/Kirinkodanuki
Kaya,/wiki/Kaya
Kuro,/wiki/Kuro
Mornin,/wiki/Mornin
Usopp,/wiki/Usopp
Piiman,/wiki/Piiman
Ninjin,/wiki/Ninjin
Tamanegi,/wiki/Tamanegi
Merry,/wiki/Merry
Jango,/wiki/Jango
Buchi,/wiki/Buchi
Sham,/wiki/Sham
Nugire Yainu,/wiki/Nugire_Yainu
Animal Species/East Blue Saga,/wiki/Animal_Species/East_Blue_Saga#Big_Bird
Building Snake,/wiki/Building_Snake
Banchina,/wiki/Banchina
Yosaku,/wiki/Yosaku
Johnny,/wiki/Johnny
Arlong,/wiki/Arlong
Fullbody,/wiki/Fullbody
Zeff,/wiki/Zeff
Sanji,/wiki/Sanji
Moodie,/wiki/Moodie
Motzel,/wiki/Motzel
Batchee,/wiki/Batchee
Krieg,/wiki/Krieg
Gin,/wiki/Gin
Patty,/wiki/Patty
Carne,/wiki/Carne
Roxanne,/wiki/Roxanne
Dracule Mihawk,/wiki/Dracule_Mihawk
Bell-mère,/wiki/Bell-m%C3%A8re
Pearl,/wiki/Pearl
Ideaman,/wiki/Ideaman
Hustle,/wiki/Hustle
Kumate Tribe,/wiki/Kumate_Tribe
Kagikko,/wiki/Kagikko
Animal Species,/wiki/Animal_Species#Panda_Shark
Hatchan,/wiki/Hatchan
Chew,/wiki/Chew
Kuroobi,/wiki/Kuroobi
Nezumi,/wiki/Nezumi
Chabo,/wiki/Chabo
Nojiko,/wiki/Nojiko
Genzo,/wiki/Genzo
Kaneshiro,/wiki/Kaneshiro
Pisaro,/wiki/Pisaro
Momoo,/wiki/Momoo
Take,/wiki/Take
Shioyaki,/wiki/Shioyaki
Pudding Pudding,/wiki/Pudding_Pudding
Nako,/wiki/Nako
Mummy Mee,/wiki/Mummy_Mee
Daddy Dee,/wiki/Daddy_Dee
Monkey D. Garp,/wiki/Monkey_D._Garp
Bogard,/wiki/Bogard
Sam,/wiki/Sam
Koze and Packy,/wiki/Koze_and_Packy
John Giant,/wiki/John_Giant
Stainless,/wiki/Stainless
Cancer,/wiki/Cancer
Brannew,/wiki/Brannew
Tashigi,/wiki/Tashigi
Smoker,/wiki/Smoker
Hanger,/wiki/Hanger
Ipponmatsu,/wiki/Ipponmatsu
Mashikaku (Marine),/wiki/Mashikaku_(Marine)
Sapi,/wiki/Sapi
Yu,/wiki/Yu
Monkey D. Dragon,/wiki/Monkey_D._Dragon
Sea King,/wiki/Sea_King
Crocus,/wiki/Crocus
Laboon,/wiki/Laboon
Yorki,/wiki/Yorki
Mr. 9,/wiki/Mr._9
Nefertari Vivi,/wiki/Nefertari_Vivi
Mr. 13,/wiki/Mr._13
Miss Friday,/wiki/Miss_Friday
Igaram,/wiki/Igaram
Miss Catherina,/wiki/Miss_Catherina
Mr. Beans,/wiki/Mr._Beans
Miss Monday,/wiki/Miss_Monday
Mr. Shimizu,/wiki/Mr._Shimizu
Karoo,/wiki/Karoo
Gem,/wiki/Gem
Mikita,/wiki/Mikita
Crocodile,/wiki/Crocodile
Nico Robin,/wiki/Nico_Robin
Banchi,/wiki/Banchi
Brogy,/wiki/Brogy
Bronte Zaurus,/wiki/Bronte_Zaurus
Dorry,/wiki/Dorry
Samurai Batts,/wiki/Samurai_Batts
Galdino,/wiki/Galdino
Marianne,/wiki/Marianne
Mr. 11,/wiki/Mr._11
Yuki,/wiki/Yuki
Bentham,/wiki/Bentham
Akumai,/wiki/Akumai
Wapol,/wiki/Wapol
Chess,/wiki/Chess
Kuromarimo,/wiki/Kuromarimo
Dalton,/wiki/Dalton
Kureha,/wiki/Kureha
Marshall D. Teach,/wiki/Marshall_D._Teach
Van Augur,/wiki/Van_Augur
Jesus Burgess,/wiki/Jesus_Burgess
Doc Q,/wiki/Doc_Q
Laffitte,/wiki/Laffitte
Tony Tony Chopper,/wiki/Tony_Tony_Chopper
Negikuma Maria,/wiki/Negikuma_Maria
Animal Species/Arabasta Saga,/wiki/Animal_Species/Arabasta_Saga#Hiking_Bear
Tamachibi,/wiki/Tamachibi
Robson,/wiki/Robson
Isshi-100,/wiki/Isshi-100
Hiriluk,/wiki/Hiriluk
Nefertari Cobra,/wiki/Nefertari_Cobra
Thalassa Lucas,/wiki/Thalassa_Lucas
Chessmarimo,/wiki/Chessmarimo
Yurikah,/wiki/Yurikah
Portgas D. Ace,/wiki/Portgas_D._Ace
Puppu,/wiki/Puppu
Chaka,/wiki/Chaka
Pell,/wiki/Pell
Daz Bonez,/wiki/Daz_Bonez
Zala,/wiki/Zala
Babe,/wiki/Babe
Drophy,/wiki/Drophy
Mr. 6,/wiki/Mr._6
Miss Mother's Day,/wiki/Miss_Mother%27s_Day
Mr. 7,/wiki/Mr._7
Miss Father's Day,/wiki/Miss_Father%27s_Day
Mr. 10,/wiki/Mr._10
Miss Tuesday,/wiki/Miss_Tuesday
Miss Thursday,/wiki/Miss_Thursday
Mr. 12,/wiki/Mr._12
Miss Saturday,/wiki/Miss_Saturday
Yoshimoto,/wiki/Yoshimoto
Sea Beast,/wiki/Sea_Beast#Sea_Cat
Edward Newgate,/wiki/Edward_Newgate
Mr. Mellow,/wiki/Mr._Mellow
Matsuge,/wiki/Matsuge
Agotogi,/wiki/Agotogi
Koza,/wiki/Koza
Toto,/wiki/Toto
Aswa,/wiki/Aswa
Okame,/wiki/Okame
Kebi,/wiki/Kebi
Natto,/wiki/Natto
Marine Headquarters Court,/wiki/Marine_Headquarters_Court
Erik,/wiki/Erik
Farafra,/wiki/Farafra
Kappa,/wiki/Kappa
Ultraking,/wiki/Ultraking
Koala Mercenaries,/wiki/Koala_Mercenaries
Hina,/wiki/Hina
Hasami,/wiki/Hasami
Super Spot-Billed Duck Troops,/wiki/Super_Spot-Billed_Duck_Troops#Members
Lassoo,/wiki/Lassoo
Goldfish Princess,/wiki/Goldfish_Princess
Seaboar,/wiki/Seaboar
Camie,/wiki/Camie
Pappag,/wiki/Pappag
Tsumegeri Guards,/wiki/Tsumegeri_Guards#Members
Macro,/wiki/Macro
Gyaro,/wiki/Gyaro
Tansui,/wiki/Tansui
Octopako,/wiki/Octopako
Octopus Mash,/wiki/Octopus_Mash
Mr. Love,/wiki/Mr._Love
Terracotta,/wiki/Terracotta
Ho,/wiki/Ho
Shine,/wiki/Shine
Headband Catfish Village,/wiki/Headband_Catfish_Village
Nefertari Titi,/wiki/Nefertari_Titi
Maidy,/wiki/Maidy
Makko,/wiki/Makko
Potsun,/wiki/Potsun
Masira,/wiki/Masira
Roshio,/wiki/Roshio
Bellamy,/wiki/Bellamy
Sarquiss,/wiki/Sarquiss
Lily,/wiki/Lily
Ross,/wiki/Ross
Eddy,/wiki/Eddy
Hewitt,/wiki/Hewitt
Rivers,/wiki/Rivers
Mani,/wiki/Mani
Muret,/wiki/Muret
Terry,/wiki/Terry
Spector,/wiki/Spector
Stronger,/wiki/Stronger
Okome,/wiki/Okome
Shoujou,/wiki/Shoujou
Mont Blanc Cricket,/wiki/Mont_Blanc_Cricket
Mont Blanc Noland,/wiki/Mont_Blanc_Noland
South Bird,/wiki/South_Bird#Jaya
Animal Species/Sky Island Saga,/wiki/Animal_Species/Sky_Island_Saga#Insects
Jobo,/wiki/Jobo
Donquixote Doflamingo,/wiki/Donquixote_Doflamingo
Bartholomew Kuma,/wiki/Bartholomew_Kuma
Master,/wiki/Master
Jaygarcia Saturn,/wiki/Jaygarcia_Saturn
Marcus Mars,/wiki/Marcus_Mars
Topman Warcury,/wiki/Topman_Warcury
Ethanbaron V. Nusjuro,/wiki/Ethanbaron_V._Nusjuro
Shepherd Ju Peter,/wiki/Shepherd_Ju_Peter
Marco,/wiki/Marco
Jozu,/wiki/Jozu
Tate,/wiki/Tate
Rockstar,/wiki/Rockstar
Sengoku,/wiki/Sengoku
Tsuru,/wiki/Tsuru
Mozambia,/wiki/Mozambia
Wyper,/wiki/Wyper
Gan Fall,/wiki/Gan_Fall
Pierre,/wiki/Pierre
Amazon,/wiki/Amazon
Conis,/wiki/Conis
Pagaya,/wiki/Pagaya
Su,/wiki/Su
McKinley,/wiki/McKinley
Enel,/wiki/Enel
Ohm,/wiki/Ohm
Shura,/wiki/Shura
Gedatsu,/wiki/Gedatsu
Satori,/wiki/Satori
Holy,/wiki/Holy
Fuza,/wiki/Fuza
Zabo,/wiki/Zabo
Hakowan,/wiki/Hakowan
Kamakiri,/wiki/Kamakiri
Braham,/wiki/Braham
Genbo,/wiki/Genbo
Raki,/wiki/Raki
Aisa,/wiki/Aisa
Yama,/wiki/Yama
Nola,/wiki/Nola
Isa,/wiki/Isa
Gode,/wiki/Gode
Kinderella,/wiki/Kinderella
Hotori and Kotori,/wiki/Hotori_and_Kotori
Moyle,/wiki/Moyle
Mochi,/wiki/Mochi
Shandia Chief,/wiki/Shandia_Chief
Kurotsuru,/wiki/Kurotsuru
Moda,/wiki/Moda
Koda,/wiki/Koda
Kalgara,/wiki/Kalgara
Seto,/wiki/Seto
Mousse,/wiki/Mousse
Herb,/wiki/Herb
Chiya,/wiki/Chiya
Kashigami,/wiki/Kashigami
Honner,/wiki/Honner
Coburn,/wiki/Coburn
Child of Kashigami,/wiki/Child_of_Kashigami
Comil,/wiki/Comil
Ubau,/wiki/Ubau
Aruyutayan V,/wiki/Aruyutayan_V
Utan Divers,/wiki/Utan_Divers
Marilyn,/wiki/Marilyn
Cloud Wolf,/wiki/Cloud_Wolf
Kooda,/wiki/Kooda
Kyuji,/wiki/Kyuji
Kuzan,/wiki/Kuzan
Shelly,/wiki/Shelly
Tonjit,/wiki/Tonjit
Foxy,/wiki/Foxy
Porche,/wiki/Porche
Hamburg,/wiki/Hamburg
Kibagaeru,/wiki/Kibagaeru
Itomimizu,/wiki/Itomimizu
Chuchun,/wiki/Chuchun
Capote,/wiki/Capote
Monda,/wiki/Monda
Kapoty,/wiki/Kapoty
Pickles,/wiki/Pickles
Big Pan,/wiki/Big_Pan
Goro,/wiki/Goro
Sonieh,/wiki/Sonieh
Donovan,/wiki/Donovan
Gina,/wiki/Gina
Borsalino,/wiki/Borsalino
Sakazuki,/wiki/Sakazuki
Master of the Waters,/wiki/Master_of_the_Waters
Kokoro,/wiki/Kokoro
Chimney,/wiki/Chimney
Gonbe,/wiki/Gonbe
Yokozuna,/wiki/Yokozuna
Mikazuki,/wiki/Mikazuki
Iceburg,/wiki/Iceburg
Kalifa,/wiki/Kalifa
Tyrannosaurus,/wiki/Tyrannosaurus
Rob Lucci,/wiki/Rob_Lucci
Hattori,/wiki/Hattori
Kaku,/wiki/Kaku
Paulie,/wiki/Paulie
Peepley Lulu,/wiki/Peepley_Lulu
Tilestone,/wiki/Tilestone
Zambai,/wiki/Zambai
Kiev,/wiki/Kiev
Schollzo,/wiki/Schollzo
Tamagon,/wiki/Tamagon
Kop,/wiki/Kop
Blueno,/wiki/Blueno
Dirt Boss,/wiki/Dirt_Boss
Ishigo Shitemanna,/wiki/Ishigo_Shitemanna
Bimine,/wiki/Bimine
Corgi,/wiki/Corgi
Franky,/wiki/Franky
Mozu and Kiwi,/wiki/Mozu_and_Kiwi
Kairiki Destroyers,/wiki/Kairiki_Destroyers
Forest Boss,/wiki/Forest_Boss
Kakukaku,/wiki/Kakukaku
Kyukyu,/wiki/Kyukyu
Happa Yamao,/wiki/Happa_Yamao
Kung-Fu Dugong,/wiki/Kung-Fu_Dugong
Tom,/wiki/Tom
Jorge,/wiki/Jorge
Spandam,/wiki/Spandam
Bushon,/wiki/Bushon
Stevie,/wiki/Stevie
T Bone,/wiki/T_Bone
Jerry,/wiki/Jerry
Wanze,/wiki/Wanze
Nero,/wiki/Nero
Funkfreed,/wiki/Funkfreed
Sodom,/wiki/Sodom
Gomorrah,/wiki/Gomorrah
Kumadori,/wiki/Kumadori
Jabra,/wiki/Jabra
Fukurou,/wiki/Fukurou
Oimo,/wiki/Oimo
Kashii,/wiki/Kashii
Gatherine,/wiki/Gatherine
Baskerville,/wiki/Baskerville
Watchdog Unit of the Law,/wiki/Watchdog_Unit_of_the_Law
Just Eleven Jurymen,/wiki/Just_Eleven_Jurymen
Roji,/wiki/Roji
Oran,/wiki/Oran
Mizuira,/wiki/Mizuira
Clover,/wiki/Clover
Gram,/wiki/Gram
Busshiri,/wiki/Busshiri
Hack (Archaeologist),/wiki/Hack_(Archaeologist)
Hocha,/wiki/Hocha
Rint,/wiki/Rint
Zadie,/wiki/Zadie
Roche,/wiki/Roche
Spandine,/wiki/Spandine
Laskey,/wiki/Laskey
Nico Olvia,/wiki/Nico_Olvia
Jaguar D. Saul,/wiki/Jaguar_D._Saul
Five Elders,/wiki/Five_Elders
Chesskippa,/wiki/Chesskippa
Kanezenny,/wiki/Kanezenny
Nigeratta,/wiki/Nigeratta
Strawberry,/wiki/Strawberry
Yamakaji,/wiki/Yamakaji
Doberman,/wiki/Doberman
Onigumo,/wiki/Onigumo
Momonga,/wiki/Momonga
Shu,/wiki/Shu
Very Good,/wiki/Very_Good
Going Merry,/wiki/Going_Merry
Sharinguru,/wiki/Sharinguru
Charlotte Linlin,/wiki/Charlotte_Linlin
Kaidou,/wiki/Kaidou
Michael and Hoichael,/wiki/Michael_and_Hoichael
Spacey,/wiki/Spacey
Attach,/wiki/Attach
Marumieta,/wiki/Marumieta
Yamenahare,/wiki/Yamenahare
Cosmo,/wiki/Cosmo
Galaxy,/wiki/Galaxy
Macro (Automaton),/wiki/Macro_(Automaton)
Seamars,/wiki/Seamars
Thatch,/wiki/Thatch
Terry Gilteo,/wiki/Terry_Gilteo
Lapahns,/wiki/Lapahns
Brook,/wiki/Brook
Absalom,/wiki/Absalom
Cerberus,/wiki/Cerberus
Hildon,/wiki/Hildon
Hogback,/wiki/Hogback
Unigaro,/wiki/Unigaro
MocDonald,/wiki/MocDonald
Space Pirates,/wiki/Space_Pirates
Victoria Cindry,/wiki/Victoria_Cindry
Perona,/wiki/Perona
Buhichuck,/wiki/Buhichuck
Surprise Zombies,/wiki/Surprise_Zombies
Soldier Zombie,/wiki/Soldier_Zombie
Ryuma,/wiki/Ryuma
Spoil,/wiki/Spoil
Tsukimi,/wiki/Tsukimi
Gecko Moria,/wiki/Gecko_Moria
Kumashi,/wiki/Kumashi
"Gyoro, Nin, and Bao","/wiki/Gyoro,_Nin,_and_Bao"
John,/wiki/John
Lola (Zombie),/wiki/Lola_(Zombie)
Risky Brothers (Zombies),/wiki/Risky_Brothers_(Zombies)
Inuppe,/wiki/Inuppe
Jigoro,/wiki/Jigoro
Tararan,/wiki/Tararan
Gallant Hippo,/wiki/Gallant_Hippo
Oars,/wiki/Oars
Automata,/wiki/Automata
Risky Brothers,/wiki/Risky_Brothers
Lola,/wiki/Lola
Goo,/wiki/Goo
Asahija,/wiki/Asahija
Margarita,/wiki/Margarita
Egana,/wiki/Egana
Vegapunk,/wiki/Vegapunk
Mizuta Madaisuki,/wiki/Mizuta_Madaisuki
Mizuta Mawaritosuki,/wiki/Mizuta_Mawaritosuki
Sea Raccoon,/wiki/Sea_Raccoon
Sea Rabbit,/wiki/Sea_Rabbit
Duval,/wiki/Duval
Motobaro,/wiki/Motobaro
Rosward,/wiki/Rosward
Shalria,/wiki/Shalria
Saru,/wiki/Saru
Antonio,/wiki/Antonio
Devil Dias,/wiki/Devil_Dias
Sentomaru,/wiki/Sentomaru
Jean Bart,/wiki/Jean_Bart
Capone Bege,/wiki/Capone_Bege
Scratchmen Apoo,/wiki/Scratchmen_Apoo
Eustass Kid,/wiki/Eustass_Kid
Killer,/wiki/Killer
Urouge,/wiki/Urouge
Basil Hawkins,/wiki/Basil_Hawkins
Trafalgar D. Water Law,/wiki/Trafalgar_D._Water_Law
Bepo,/wiki/Bepo
Shachi,/wiki/Shachi
Jewelry Bonney,/wiki/Jewelry_Bonney
X Drake,/wiki/X_Drake
Shakuyaku,/wiki/Shakuyaku
Charlos,/wiki/Charlos
Marie,/wiki/Marie
Judy,/wiki/Judy
Peterman,/wiki/Peterman
Heat,/wiki/Heat
Wire,/wiki/Wire
Penguin,/wiki/Penguin
Stansen,/wiki/Stansen
Disco,/wiki/Disco
Marin,/wiki/Marin
Byron,/wiki/Byron
Pascia,/wiki/Pascia
Lacuba,/wiki/Lacuba
Coffee Monkeys,/wiki/Coffee_Monkeys
Sicily,/wiki/Sicily
Pacifista,/wiki/Pacifista
Faust,/wiki/Faust
Candy,/wiki/Candy
Marguerite,/wiki/Marguerite
Sweet Pea,/wiki/Sweet_Pea
Aphelandra,/wiki/Aphelandra
Belladonna,/wiki/Belladonna
Kikyo,/wiki/Kikyo
Nyon,/wiki/Nyon
Nerine,/wiki/Nerine
Straw Hat Pirates,/wiki/Straw_Hat_Pirates
Poppy,/wiki/Poppy
Boa Hancock,/wiki/Boa_Hancock
Boa Marigold,/wiki/Boa_Marigold
Boa Sandersonia,/wiki/Boa_Sandersonia
Ran,/wiki/Ran
Cosmos,/wiki/Cosmos
Daisy,/wiki/Daisy
Rindo,/wiki/Rindo
Blue Fan,/wiki/Blue_Fan
Salome,/wiki/Salome
Bacura,/wiki/Bacura
Yuda,/wiki/Yuda
Enishida,/wiki/Enishida
Fisher Tiger,/wiki/Fisher_Tiger
Jinbe,/wiki/Jinbe
Pansy,/wiki/Pansy
Kitton,/wiki/Kitton
Taroimo,/wiki/Taroimo
Haredas,/wiki/Haredas
Stalker,/wiki/Stalker
Heracles,/wiki/Heracles
Pekkori,/wiki/Pekkori
Sancrin,/wiki/Sancrin
Minotaurus,/wiki/Minotaurus
Hannyabal,/wiki/Hannyabal
Domino,/wiki/Domino
Pankuta Dakeyan,/wiki/Pankuta_Dakeyan
Blue Gorillas,/wiki/Blue_Gorillas
Magellan,/wiki/Magellan
Jean Goen,/wiki/Jean_Goen
Basilisk,/wiki/Basilisk
Blue Gorilla,/wiki/Blue_Gorilla
An Zengaiina,/wiki/An_Zengaiina
Sphinx,/wiki/Sphinx
Manticores,/wiki/Manticores
Puzzle Scorpions,/wiki/Puzzle_Scorpions
Saldeath,/wiki/Saldeath
Sadi,/wiki/Sadi
Minokoala,/wiki/Minokoala
Daigin,/wiki/Daigin
Emporio Ivankov,/wiki/Emporio_Ivankov
Minozebra,/wiki/Minozebra
Minorhinoceros,/wiki/Minorhinoceros
Zotto,/wiki/Zotto
Kairo Kureyo,/wiki/Kairo_Kureyo
Muchana,/wiki/Muchana
Wolf Unit,/wiki/Wolf_Unit
Kinoko,/wiki/Kinoko
Inazuma,/wiki/Inazuma
Bellett,/wiki/Bellett
Shiryu,/wiki/Shiryu
Wolf unit,/wiki/Wolf_unit
Tibany,/wiki/Tibany
Bunny Joe,/wiki/Bunny_Joe
Lacroix,/wiki/Lacroix
Lonz,/wiki/Lonz
Portgas D. Rouge,/wiki/Portgas_D._Rouge
Doma,/wiki/Doma
McGuy,/wiki/McGuy
Decalvan Brothers,/wiki/Decalvan_Brothers
Squard,/wiki/Squard
Elmy,/wiki/Elmy
A O,/wiki/A_O
Ramba,/wiki/Ramba
Delacuaji,/wiki/Delacuaji
Vista,/wiki/Vista
Namur,/wiki/Namur
Curiel,/wiki/Curiel
Masked Deuce,/wiki/Masked_Deuce
Skull,/wiki/Skull
Mihar,/wiki/Mihar
Kotatsu,/wiki/Kotatsu
Saber,/wiki/Saber
Aggie 68,/wiki/Aggie_68
Finamore,/wiki/Finamore
Ganryu,/wiki/Ganryu
Ducky Bree,/wiki/Ducky_Bree
Ossamondo,/wiki/Ossamondo
Barry,/wiki/Barry
Wallace,/wiki/Wallace
Banshee,/wiki/Banshee
Kukai,/wiki/Kukai
Dogya,/wiki/Dogya
Kimel,/wiki/Kimel
Cornelia,/wiki/Cornelia
Leonero,/wiki/Leonero
Hublot,/wiki/Hublot
Blamenco,/wiki/Blamenco
Rakuyo,/wiki/Rakuyo
Blenheim,/wiki/Blenheim
Haruta,/wiki/Haruta
Atmos,/wiki/Atmos
Speed Jiru,/wiki/Speed_Jiru
Fossa,/wiki/Fossa
Izou,/wiki/Izou
Islewan,/wiki/Islewan
Epoida,/wiki/Epoida
Bizarre,/wiki/Bizarre
Palms,/wiki/Palms
Karma,/wiki/Karma
Zodia,/wiki/Zodia
Kechatch,/wiki/Kechatch
Vitan,/wiki/Vitan
Pavlik,/wiki/Pavlik
Bastille,/wiki/Bastille
Dalmatian,/wiki/Dalmatian
Little Oars Jr.,/wiki/Little_Oars_Jr.
Choi,/wiki/Choi
Giant Squad,/wiki/Giant_Squad
Whitey Bay,/wiki/Whitey_Bay
Hangan,/wiki/Hangan
Arthur,/wiki/Arthur
Reforte,/wiki/Reforte
Blondie,/wiki/Blondie
Andre,/wiki/Andre
Ninth,/wiki/Ninth
Rush,/wiki/Rush
Amadob,/wiki/Amadob
Brew,/wiki/Brew
Wallem,/wiki/Wallem
Baggaley,/wiki/Baggaley
Brocca,/wiki/Brocca
Kingdew,/wiki/Kingdew
Great Michael,/wiki/Great_Michael
Zucca,/wiki/Zucca
Curly Dadan,/wiki/Curly_Dadan
Cands,/wiki/Cands
Kinga,/wiki/Kinga
Agsilly,/wiki/Agsilly
Sanjuan Wolf,/wiki/Sanjuan_Wolf
Catarina Devon,/wiki/Catarina_Devon
Vasco Shot,/wiki/Vasco_Shot
Avalo Pizarro,/wiki/Avalo_Pizarro
Julius,/wiki/Julius
Happygun,/wiki/Happygun
Gab,/wiki/Gab
Brownbeard,/wiki/Brownbeard
Dobby Ibadonbo,/wiki/Dobby_Ibadonbo
Dogra,/wiki/Dogra
Magra,/wiki/Magra
Bluejam,/wiki/Bluejam
Porchemy,/wiki/Porchemy
Sabo,/wiki/Sabo
Dogura,/wiki/Dogura
Magura,/wiki/Magura
Outlook III,/wiki/Outlook_III
Didit,/wiki/Didit
Sterry,/wiki/Sterry
Goa King,/wiki/Goa_King
Jalmack,/wiki/Jalmack
Mori Dako,/wiki/Mori_Dako
Karasu,/wiki/Karasu
Haritsu Kendiyo,/wiki/Haritsu_Kendiyo
Kibin,/wiki/Kibin
Fishbonen,/wiki/Fishbonen
Kong,/wiki/Kong
Scotch,/wiki/Scotch
Gorilla,/wiki/Gorilla
Humandrill,/wiki/Humandrill
Demaro Black,/wiki/Demaro_Black
Manjaro,/wiki/Manjaro
Chocolat,/wiki/Chocolat
Mounblutain,/wiki/Mounblutain
Drip,/wiki/Drip
Nora Gitsune,/wiki/Nora_Gitsune
Cocoa,/wiki/Cocoa
Turco,/wiki/Turco
Caribou,/wiki/Caribou
Coribou,/wiki/Coribou
Humphrey,/wiki/Humphrey
Albion,/wiki/Albion
Lip Doughty,/wiki/Lip_Doughty
Rosy Life Riders,/wiki/Rosy_Life_Riders
Catacombo,/wiki/Catacombo
Surume,/wiki/Surume
Megalo,/wiki/Megalo
Vander Decken IX,/wiki/Vander_Decken_IX
Wadatsumi,/wiki/Wadatsumi
Ankoro,/wiki/Ankoro
Hammond,/wiki/Hammond
Hyouzou,/wiki/Hyouzou
Kasagoba,/wiki/Kasagoba
Sea Lion,/wiki/Sea_Lion
Hody Jones,/wiki/Hody_Jones
Medaka Mermaid Quintuplets,/wiki/Medaka_Mermaid_Quintuplets
Ishilly,/wiki/Ishilly
Kairen,/wiki/Kairen
Hiramera,/wiki/Hiramera
Seira,/wiki/Seira
Mero,/wiki/Mero
Lulis,/wiki/Lulis
Adele,/wiki/Adele
Fillonce,/wiki/Fillonce
Sora,/wiki/Sora
Fukaboshi,/wiki/Fukaboshi
Ryuboshi,/wiki/Ryuboshi
Manboshi,/wiki/Manboshi
Ammo Knights,/wiki/Ammo_Knights
Splash and Splatter,/wiki/Splash_and_Splatter
Shyarly,/wiki/Shyarly
Gyro,/wiki/Gyro
Dosun,/wiki/Dosun
Zeo,/wiki/Zeo
Daruma,/wiki/Daruma
Ikaros Much,/wiki/Ikaros_Much
Junan,/wiki/Junan
Neptune,/wiki/Neptune
Hoe,/wiki/Hoe
Shirahoshi,/wiki/Shirahoshi
Minister of the Right,/wiki/Minister_of_the_Right
Minister of the Left,/wiki/Minister_of_the_Left
News Coo,/wiki/News_Coo
Den,/wiki/Den
Harisenbon,/wiki/Harisenbon
Aladine,/wiki/Aladine
Sarfunkel,/wiki/Sarfunkel
Otohime,/wiki/Otohime
Papaneel,/wiki/Papaneel
Kadar,/wiki/Kadar
Koala,/wiki/Koala
Donquixote Mjosgard,/wiki/Donquixote_Mjosgard
Aladdin,/wiki/Aladdin
Daidalos,/wiki/Daidalos
Ipponume,/wiki/Ipponume
Maria Napole,/wiki/Maria_Napole
Charlotte Pudding,/wiki/Charlotte_Pudding
Pekoms,/wiki/Pekoms
Tamago,/wiki/Tamago
Bobbin,/wiki/Bobbin
Napoleon,/wiki/Napoleon
Nitro,/wiki/Nitro
Pike,/wiki/Pike
Bomba (Marine),/wiki/Bomba_(Marine)
Dragon Number Thirteen,/wiki/Dragon_Number_Thirteen
Kin'emon,/wiki/Kin%27emon
Monet,/wiki/Monet
Sind,/wiki/Sind
Mocha,/wiki/Mocha
Konbu,/wiki/Konbu
Caesar Clown,/wiki/Caesar_Clown
Hyoutauros,/wiki/Hyoutauros
Kirintauros,/wiki/Kirintauros
Doran,/wiki/Doran
Uzu,/wiki/Uzu
Biyo,/wiki/Biyo
Ally,/wiki/Ally
Minochihuahua,/wiki/Minochihuahua
Yeti Cool Brothers,/wiki/Yeti_Cool_Brothers
Smooge,/wiki/Smooge
Fen Bock,/wiki/Fen_Bock
Chappe,/wiki/Chappe
Smiley,/wiki/Smiley
Slime,/wiki/Slime
Vergo,/wiki/Vergo
Yarisugi,/wiki/Yarisugi
Run,/wiki/Run
Baby 5,/wiki/Baby_5
Gladius,/wiki/Gladius
Machvise,/wiki/Machvise
Lao G,/wiki/Lao_G
Giolla,/wiki/Giolla
Sugar,/wiki/Sugar
Ginko,/wiki/Ginko
Kozuki Momonosuke,/wiki/Kozuki_Momonosuke
Candre,/wiki/Candre
Ain,/wiki/Ain
Binz,/wiki/Binz
Donquixote Rosinante,/wiki/Donquixote_Rosinante
Z,/wiki/Z
Buffalo,/wiki/Buffalo
Camel,/wiki/Camel
Diamante,/wiki/Diamante
Trebol,/wiki/Trebol
Pica,/wiki/Pica
Kurozumi Kanjuro,/wiki/Kurozumi_Kanjuro
Issho,/wiki/Issho
Mario,/wiki/Mario
Senor Pink,/wiki/Senor_Pink
Dellinger,/wiki/Dellinger
Gatz,/wiki/Gatz
Kyros,/wiki/Kyros
Wicca,/wiki/Wicca
Gaburu,/wiki/Gaburu
Viola,/wiki/Viola
Spartan,/wiki/Spartan
Hera (Gladiator),/wiki/Hera_(Gladiator)
Kelly Funk,/wiki/Kelly_Funk
Bobby Funk,/wiki/Bobby_Funk
Suleiman,/wiki/Suleiman
Abdullah,/wiki/Abdullah
Jeet,/wiki/Jeet
Orlumbus,/wiki/Orlumbus
Rebecca,/wiki/Rebecca
Dagama,/wiki/Dagama
Elizabello II,/wiki/Elizabello_II
Cavendish,/wiki/Cavendish
Chinjao,/wiki/Chinjao
Sai,/wiki/Sai
Boo,/wiki/Boo
Bartolomeo,/wiki/Bartolomeo
Gambia,/wiki/Gambia
Maynard,/wiki/Maynard
Guernica,/wiki/Guernica
Gismonda,/wiki/Gismonda
Joseph,/wiki/Joseph
Hajrudin,/wiki/Hajrudin
Tank Lepanto,/wiki/Tank_Lepanto
Riku Doldo III,/wiki/Riku_Doldo_III
Rolling Logan,/wiki/Rolling_Logan
Fighting Bull,/wiki/Fighting_Bull
Meadows,/wiki/Meadows
Fighting Lion,/wiki/Fighting_Lion
Acilia,/wiki/Acilia
Blue Gilly,/wiki/Blue_Gilly
Jean Ango,/wiki/Jean_Ango
Ideo,/wiki/Ideo
Mummy,/wiki/Mummy
Damask,/wiki/Damask
Hack (Fish-Man),/wiki/Hack_(Fish-Man)
Aremo Ganmi,/wiki/Aremo_Ganmi
Mukkashimi Tower,/wiki/Mukkashimi_Tower
Leo,/wiki/Leo
Kabu,/wiki/Kabu
Gancho,/wiki/Gancho
Bomba,/wiki/Bomba
Rampo,/wiki/Rampo
Flapper,/wiki/Flapper
Nubon,/wiki/Nubon
Pellini,/wiki/Pellini
Eikon,/wiki/Eikon
Bobomba,/wiki/Bobomba
Ucy,/wiki/Ucy
Esta,/wiki/Esta
Milo,/wiki/Milo
Bian,/wiki/Bian
Grabar,/wiki/Grabar
Mansherry,/wiki/Mansherry
Inhel,/wiki/Inhel
Cotton,/wiki/Cotton
Baxcon,/wiki/Baxcon
Scarlett,/wiki/Scarlett
Farul,/wiki/Farul
Queen Mama Chanter,/wiki/Queen_Mama_Chanter
Daikon,/wiki/Daikon
Agyo,/wiki/Agyo
Ibusu,/wiki/Ibusu
Chao,/wiki/Chao
Chicory,/wiki/Chicory
Kyuin,/wiki/Kyuin
Maujii,/wiki/Maujii
Hack,/wiki/Hack
Donquixote Homing,/wiki/Donquixote_Homing
Lami,/wiki/Lami
Wellington,/wiki/Wellington
Diez Barrels,/wiki/Diez_Barrels
Russian,/wiki/Russian
Gimlet,/wiki/Gimlet
Shin Detamaruka,/wiki/Shin_Detamaruka
Shin Jaiya,/wiki/Shin_Jaiya
Tegata Ringana,/wiki/Tegata_Ringana
Sheepshead,/wiki/Sheepshead
Ginrummy,/wiki/Ginrummy
Tristan,/wiki/Tristan
Jack,/wiki/Jack
Edward Weevil,/wiki/Edward_Weevil
Ryokugyu,/wiki/Ryokugyu
Morley,/wiki/Morley
Buckin,/wiki/Buckin
Zunesha,/wiki/Zunesha
Bariete,/wiki/Bariete
Ryunosuke,/wiki/Ryunosuke
Carrot,/wiki/Carrot
Wanda,/wiki/Wanda
Wany,/wiki/Wany
Roddy,/wiki/Roddy
Blackback,/wiki/Blackback
Pedro,/wiki/Pedro
Inuarashi,/wiki/Inuarashi
Yomo,/wiki/Yomo
Fude Fude no Mi,/wiki/Fude_Fude_no_Mi#Named_Creations
Miyagi,/wiki/Miyagi
Milky,/wiki/Milky
Shishilian,/wiki/Shishilian
Monjii,/wiki/Monjii
Nekomamushi,/wiki/Nekomamushi
Giovanni,/wiki/Giovanni
Concelot,/wiki/Concelot
Keith,/wiki/Keith
Ikkaku,/wiki/Ikkaku
Uni,/wiki/Uni
Clione,/wiki/Clione
Hakugan,/wiki/Hakugan
Vito,/wiki/Vito
Raizo,/wiki/Raizo
Gild Tesoro,/wiki/Gild_Tesoro
Shanba,/wiki/Shanba
Sarie Nantokanette,/wiki/Sarie_Nantokanette
Ramen,/wiki/Ramen
Ham Burger,/wiki/Ham_Burger
Cezar,/wiki/Cezar
Beer VI,/wiki/Beer_VI
Tea IV,/wiki/Tea_IV
Chap,/wiki/Chap
Iwatobi,/wiki/Iwatobi
Ban Dedessinée,/wiki/Ban_Dedessin%C3%A9e
Charlotte Chiffon,/wiki/Charlotte_Chiffon
Gotti,/wiki/Gotti
Vinsmoke Yonji,/wiki/Vinsmoke_Yonji
Vinsmoke Reiju,/wiki/Vinsmoke_Reiju
Charlotte Amande,/wiki/Charlotte_Amande
Randolph,/wiki/Randolph
Diesel,/wiki/Diesel
Prometheus,/wiki/Prometheus
Zeus,/wiki/Zeus
Rabiyan,/wiki/Rabiyan
Choco Police,/wiki/Choco_Police
Vinsmoke Ichiji,/wiki/Vinsmoke_Ichiji
Vinsmoke Niji,/wiki/Vinsmoke_Niji
Charlotte Opera,/wiki/Charlotte_Opera
Charlotte Moscato,/wiki/Charlotte_Moscato
Charlotte Mont-d'Or,/wiki/Charlotte_Mont-d%27Or
Charlotte Galette,/wiki/Charlotte_Galette
Baccarat,/wiki/Baccarat
Dice,/wiki/Dice
Tanaka,/wiki/Tanaka
Carina,/wiki/Carina
Raise Max,/wiki/Raise_Max
Charlotte Praline,/wiki/Charlotte_Praline
Charlotte Brûlée,/wiki/Charlotte_Br%C3%BBl%C3%A9e
Noble Croc,/wiki/Noble_Croc
Pound,/wiki/Pound
Vinsmoke Judge,/wiki/Vinsmoke_Judge
Charlotte Perospero,/wiki/Charlotte_Perospero
Capone Pez,/wiki/Capone_Pez
Gloriosa,/wiki/Gloriosa
Charlotte Cracker,/wiki/Charlotte_Cracker
Charlotte Lola,/wiki/Charlotte_Lola
Kingbaum,/wiki/Kingbaum
Howling Gab,/wiki/Howling_Gab
Cosette,/wiki/Cosette
Vinsmoke Sora,/wiki/Vinsmoke_Sora
Époni,/wiki/%C3%89poni
Nyasha,/wiki/Nyasha
Charlotte Counter,/wiki/Charlotte_Counter
Charlotte Cadenza,/wiki/Charlotte_Cadenza
Charlotte Cabaletta,/wiki/Charlotte_Cabaletta
Charlotte Raisin,/wiki/Charlotte_Raisin
Charlotte Mascarpone,/wiki/Charlotte_Mascarpone
Charlotte Decuplets,/wiki/Charlotte_Decuplets
Charlotte Joscarpone,/wiki/Charlotte_Joscarpone
Charlotte Myukuru,/wiki/Charlotte_Myukuru
Charlotte Anglais,/wiki/Charlotte_Anglais
Charlotte Wiro,/wiki/Charlotte_Wiro
Charlotte De-Chat,/wiki/Charlotte_De-Chat
Charlotte Dolce and Dragée,/wiki/Charlotte_Dolce_and_Drag%C3%A9e
Charlotte Wafers,/wiki/Charlotte_Wafers
Charlotte Normande,/wiki/Charlotte_Normande
Charlotte Anana,/wiki/Charlotte_Anana
Charlotte Smoothie,/wiki/Charlotte_Smoothie
Rambo,/wiki/Rambo
Eggplant Soldier,/wiki/Eggplant_Soldier
Zepo,/wiki/Zepo
Charlotte Nusstorte,/wiki/Charlotte_Nusstorte
Charlotte Dacquoise,/wiki/Charlotte_Dacquoise
Charlotte Kato,/wiki/Charlotte_Kato
Charlotte Mondée,/wiki/Charlotte_Mond%C3%A9e
Charlotte Melise,/wiki/Charlotte_Melise
Streusen,/wiki/Streusen
Loki,/wiki/Loki
Charlotte Katakuri,/wiki/Charlotte_Katakuri
Charlotte Basskarte,/wiki/Charlotte_Basskarte
Charlotte Compote,/wiki/Charlotte_Compote
Charlotte Angel,/wiki/Charlotte_Angel
Charlotte Cinnamon,/wiki/Charlotte_Cinnamon
Charlotte Poire,/wiki/Charlotte_Poire
Du Feld,/wiki/Du_Feld
Drug Peclo,/wiki/Drug_Peclo
Morgans,/wiki/Morgans
Giberson,/wiki/Giberson
Umit,/wiki/Umit
Jigra,/wiki/Jigra
Stussy,/wiki/Stussy
Charlotte Daifuku,/wiki/Charlotte_Daifuku
Charlotte Oven,/wiki/Charlotte_Oven
Charlotte Dosmarche,/wiki/Charlotte_Dosmarche
Charlotte Marnier,/wiki/Charlotte_Marnier
Charlotte Citron,/wiki/Charlotte_Citron
Carmel,/wiki/Carmel
Charlotte Zuccotto,/wiki/Charlotte_Zuccotto
Charlotte Noisette,/wiki/Charlotte_Noisette
Charlotte High-Fat,/wiki/Charlotte_High-Fat
Charlotte Tablet,/wiki/Charlotte_Tablet
Charlotte Saint-Marc,/wiki/Charlotte_Saint-Marc
Charlotte Basans,/wiki/Charlotte_Basans
Charlotte Kanten,/wiki/Charlotte_Kanten
Charlotte Mobile,/wiki/Charlotte_Mobile
Charlotte Custard,/wiki/Charlotte_Custard
Charlotte Mozart,/wiki/Charlotte_Mozart
Charlotte Compo,/wiki/Charlotte_Compo
Charlotte Laurin,/wiki/Charlotte_Laurin
Charlotte Effilée,/wiki/Charlotte_Effil%C3%A9e
Charlotte Broyé,/wiki/Charlotte_Broy%C3%A9
Charlotte Mash,/wiki/Charlotte_Mash
Charlotte Cornstarch,/wiki/Charlotte_Cornstarch
Jorul,/wiki/Jorul
Jarul,/wiki/Jarul
Raideen,/wiki/Raideen
Gerd,/wiki/Gerd
Pandora,/wiki/Pandora
Charlotte Hachée,/wiki/Charlotte_Hach%C3%A9e
Lady Tree,/wiki/Lady_Tree
Uholisia,/wiki/Uholisia
Chichilisia,/wiki/Chichilisia
Buche,/wiki/Buche
WCI 31,/wiki/WCI_31
Charlotte Bavarois,/wiki/Charlotte_Bavarois
Charlotte Flampe,/wiki/Charlotte_Flampe
Charlotte Snack,/wiki/Charlotte_Snack
Charlotte Chiboust,/wiki/Charlotte_Chiboust
Charlotte Brownie,/wiki/Charlotte_Brownie
Charlotte Yuen,/wiki/Charlotte_Yuen
Charlotte Nougat,/wiki/Charlotte_Nougat
Charlotte Joconde,/wiki/Charlotte_Joconde
Charlotte Marble,/wiki/Charlotte_Marble
Charlotte Prim,/wiki/Charlotte_Prim
Charlotte Montb,/wiki/Charlotte_Montb
Charlotte Maple,/wiki/Charlotte_Maple
Charlotte Panna,/wiki/Charlotte_Panna
Road,/wiki/Road
Goldberg,/wiki/Goldberg
Gally,/wiki/Gally
Komane,/wiki/Komane
Peachbeard,/wiki/Peachbeard
Belo Betty,/wiki/Belo_Betty
Lindbergh,/wiki/Lindbergh
Aramaki,/wiki/Aramaki
Matryo Princesses,/wiki/Matryo_Princesses
Mororon,/wiki/Mororon
Tacos,/wiki/Tacos
Ahiru,/wiki/Ahiru
Ushiano,/wiki/Ushiano
Gambo,/wiki/Gambo
Columbus,/wiki/Columbus
Moqueca,/wiki/Moqueca
Nashi,/wiki/Nashi
Mari,/wiki/Mari
Sauce,/wiki/Sauce
Neggy,/wiki/Neggy
Couran,/wiki/Couran
Lemoncheese,/wiki/Lemoncheese
Jeep,/wiki/Jeep
Wheel,/wiki/Wheel
Furrari,/wiki/Furrari
Tritobu,/wiki/Tritobu
Imu,/wiki/Imu
Gion,/wiki/Gion
Tokikake,/wiki/Tokikake
Seki,/wiki/Seki
Stroganoff,/wiki/Stroganoff
Potaufeu,/wiki/Potaufeu
Samosa,/wiki/Samosa
Kozuki Hiyori,/wiki/Kozuki_Hiyori
Toyama Tsujigiro,/wiki/Toyama_Tsujigiro
Giro Chintaro,/wiki/Giro_Chintaro
Tsugaru Umi,/wiki/Tsugaru_Umi
Minatomo (Wano),/wiki/Minatomo_(Wano)
Gama Pyonnosuke,/wiki/Gama_Pyonnosuke
Oide,/wiki/Oide
Tama (Sphinx),/wiki/Tama_(Sphinx)
Komachiyo,/wiki/Komachiyo
Hihimaru,/wiki/Hihimaru
Massui,/wiki/Massui
Tama,/wiki/Tama
Tenguyama Hitetsu,/wiki/Tenguyama_Hitetsu
Bunbuku,/wiki/Bunbuku
Tsurujo,/wiki/Tsurujo
Tsuru (Wano),/wiki/Tsuru_(Wano)
Kikunojo,/wiki/Kikunojo
Urashima,/wiki/Urashima
Holed'em,/wiki/Holed%27em
Kamijiro,/wiki/Kamijiro
Batman,/wiki/Batman
Gazelleman,/wiki/Gazelleman
Mouseman,/wiki/Mouseman
Hiroshi,/wiki/Hiroshi
Wakasa,/wiki/Wakasa
Saikoro,/wiki/Saikoro
Ikkaku (Wano),/wiki/Ikkaku_(Wano)
Yokan,/wiki/Yokan
Atagoyama,/wiki/Atagoyama
Serizawa,/wiki/Serizawa
Snakeman (Gifter),/wiki/Snakeman_(Gifter)
Rabbitman,/wiki/Rabbitman
Speed,/wiki/Speed
Inoichibannosuke,/wiki/Inoichibannosuke
Yame,/wiki/Yame
Kinbo,/wiki/Kinbo
Sarahebi,/wiki/Sarahebi
Kozuki Toki,/wiki/Kozuki_Toki
Ginnosuke,/wiki/Ginnosuke
Chihaya,/wiki/Chihaya
Denjiro,/wiki/Denjiro
Hara,/wiki/Hara
King,/wiki/King
Queen,/wiki/Queen
Kozuki Oden,/wiki/Kozuki_Oden
Ashura Doji,/wiki/Ashura_Doji
Kawamatsu,/wiki/Kawamatsu
Jibuemon,/wiki/Jibuemon
Kurosawa,/wiki/Kurosawa
Kagero,/wiki/Kagero
Tabuhachiro,/wiki/Tabuhachiro
Shinobu,/wiki/Shinobu
Chocho,/wiki/Chocho
Gorobe,/wiki/Gorobe
Kikipatsu,/wiki/Kikipatsu
Maki,/wiki/Maki
Tori,/wiki/Tori
Dobon,/wiki/Dobon
Ibiributsu,/wiki/Ibiributsu
Donannoyo,/wiki/Donannoyo
Kamekichi,/wiki/Kamekichi
Ukon,/wiki/Ukon
Hidayu,/wiki/Hidayu
Monjiro,/wiki/Monjiro
Jujiro,/wiki/Jujiro
Kakunoshin,/wiki/Kakunoshin
Kojuro,/wiki/Kojuro
Dotaku,/wiki/Dotaku
Hyogoro,/wiki/Hyogoro
Akudai Kanzaburo,/wiki/Akudai_Kanzaburo
Waruno Furishiro,/wiki/Waruno_Furishiro
Kuni,/wiki/Kuni
Kurozumi Orochi,/wiki/Kurozumi_Orochi
Kaku (Wano),/wiki/Kaku_(Wano)
Suke,/wiki/Suke
Toko,/wiki/Toko
Takao,/wiki/Takao
Sandayu,/wiki/Sandayu
Bingo,/wiki/Bingo
Bungo,/wiki/Bungo
Bongo,/wiki/Bongo
Page One,/wiki/Page_One
Maha,/wiki/Maha
Hanji (Shopkeeper),/wiki/Hanji_(Shopkeeper)
Kumagoro,/wiki/Kumagoro
Kobe,/wiki/Kobe
Kisegawa,/wiki/Kisegawa
Tokijiro,/wiki/Tokijiro
Rakuda,/wiki/Rakuda
Shimotsuki Yasuie,/wiki/Shimotsuki_Yasuie
Koito,/wiki/Koito
Asashichi,/wiki/Asashichi
Fukurokuju,/wiki/Fukurokuju
Daikoku,/wiki/Daikoku
Hanzo,/wiki/Hanzo
Fujin,/wiki/Fujin
Raijin,/wiki/Raijin
Chome,/wiki/Chome
Jigoku Benten,/wiki/Jigoku_Benten
Bishamon,/wiki/Bishamon
Yazaemon,/wiki/Yazaemon
Kazekage,/wiki/Kazekage
Sarutobi,/wiki/Sarutobi
Inukai,/wiki/Inukai
Sugamichi and Warazane,/wiki/Sugamichi_and_Warazane
Tsurue Monnosuke,/wiki/Tsurue_Monnosuke
Alpacaman,/wiki/Alpacaman
Daifugo,/wiki/Daifugo
Babanuki,/wiki/Babanuki
Solitaire,/wiki/Solitaire
Onimaru,/wiki/Onimaru
Madilloman,/wiki/Madilloman
Dachoman,/wiki/Dachoman
Omasa,/wiki/Omasa
Tsunagoro,/wiki/Tsunagoro
Cho,/wiki/Cho
Yatappe,/wiki/Yatappe
Genrin,/wiki/Genrin
Noriko,/wiki/Noriko
Douglas Bullet,/wiki/Douglas_Bullet
Tetsu,/wiki/Tetsu
Jo,/wiki/Jo
Hanji,/wiki/Hanji
Hotei,/wiki/Hotei
Jizo,/wiki/Jizo
Shimotsuki Ushimaru,/wiki/Shimotsuki_Ushimaru
Inbi,/wiki/Inbi
Jaki,/wiki/Jaki
Goki,/wiki/Goki
Shinosuke,/wiki/Shinosuke
Rocks D. Xebec,/wiki/Rocks_D._Xebec
Nozdon,/wiki/Nozdon
Sunbell,/wiki/Sunbell
Doringo,/wiki/Doringo
Kozuki Sukiyaki,/wiki/Kozuki_Sukiyaki
Banzaburo,/wiki/Banzaburo
Katsuzo,/wiki/Katsuzo
Shiki,/wiki/Shiki
Mountain God,/wiki/Mountain_God
Hitsugisukan,/wiki/Hitsugisukan
Kurozumi Higurashi,/wiki/Kurozumi_Higurashi
Kurozumi Semimaru,/wiki/Kurozumi_Semimaru
Taro,/wiki/Taro
Petermoo,/wiki/Petermoo
Ganryu (Roger Pirates),/wiki/Ganryu_(Roger_Pirates)
Millet Pine,/wiki/Millet_Pine
Mr. Momora,/wiki/Mr._Momora
Donquino,/wiki/Donquino
CB Gallant,/wiki/CB_Gallant
Yui,/wiki/Yui
Rangram,/wiki/Rangram
Spencer,/wiki/Spencer
Mugren,/wiki/Mugren
MAX Marks,/wiki/MAX_Marks
Moon Isaac Jr.,/wiki/Moon_Isaac_Jr.
Bankuro,/wiki/Bankuro
Prince Grus,/wiki/Prince_Grus
Kujaku,/wiki/Kujaku
Blumarine,/wiki/Blumarine
Erio,/wiki/Erio
Rowing,/wiki/Rowing
Jacksonbanner,/wiki/Jacksonbanner
wikipedia:Arashi,http://en.wikipedia.org/wiki/Arashi
Hana,/wiki/Hana
Yamato,/wiki/Yamato
Ulti,/wiki/Ulti
Who's-Who,/wiki/Who%27s-Who
Black Maria,/wiki/Black_Maria
Sasaki,/wiki/Sasaki
Juki,/wiki/Juki
Mizerka,/wiki/Mizerka
Gorishiro,/wiki/Gorishiro
Bao Huang,/wiki/Bao_Huang
Tenjo-Sagari,/wiki/Tenjo-Sagari
Hatcha,/wiki/Hatcha
Nangi,/wiki/Nangi
Fuga,/wiki/Fuga
Zanki,/wiki/Zanki
Briscola,/wiki/Briscola
Fourtricks,/wiki/Fourtricks
Hamlet,/wiki/Hamlet
Poker,/wiki/Poker
Nure-Onna,/wiki/Nure-Onna
Kurozumi Tama,/wiki/Kurozumi_Tama
Animal Species/Strong World,/wiki/Animal_Species/Strong_World#Black_Brothers
Caimanlady,/wiki/Caimanlady
Wanyudo,/wiki/Wanyudo
Hera,/wiki/Hera
Nika,/wiki/Nika
Kunyun,/wiki/Kunyun
Shimotsuki Ryuma,/wiki/Shimotsuki_Ryuma
Gig,/wiki/Gig
Dive,/wiki/Dive
Fugetsu Omusubi,/wiki/Fugetsu_Omusubi
Uzuki Tempura,/wiki/Uzuki_Tempura
UK,/wiki/UK
Pomp,/wiki/Pomp
Bubblegum,/wiki/Bubblegum
Kazenbo,/wiki/Kazenbo
Some,/wiki/Some
Shimotsuki Kozaburo,/wiki/Shimotsuki_Kozaburo
Shimotsuki Koushirou,/wiki/Shimotsuki_Koushirou
Shimotsuki Kuina,/wiki/Shimotsuki_Kuina
Chuji,/wiki/Chuji
Rokki,/wiki/Rokki
Reck,/wiki/Reck
House,/wiki/House
Mosh,/wiki/Mosh
Boogie,/wiki/Boogie
Hip,/wiki/Hip
Quincy,/wiki/Quincy
Jaguar,/wiki/Jaguar
Papas,/wiki/Papas
Misery,/wiki/Misery
Moai,/wiki/Moai
Hop,/wiki/Hop
Disc J,/wiki/Disc_J
Compo,/wiki/Compo
Azuki,/wiki/Azuki
Han,/wiki/Han
Sennorikyuru,/wiki/Sennorikyuru
Adio Suerte,/wiki/Adio_Suerte
Lim,/wiki/Lim
Animal Species/Video Games,/wiki/Animal_Species/Video_Games#Wandering_Kung_Fu_Dugong
Animal Species/Summit War Saga,/wiki/Animal_Species/Summit_War_Saga#Blue_Gorilla
Tensei,/wiki/Tensei
Uta,/wiki/Uta
S-Snake,/wiki/S-Snake
S-Hawk,/wiki/S-Hawk
Doll,/wiki/Doll
Vegapunk/Lilith,/wiki/Vegapunk/Lilith
Hibari,/wiki/Hibari
Mecha-Shark,/wiki/Mecha-Shark
Vegapunk/Shaka,/wiki/Vegapunk/Shaka
Vegapunk/Atlas,/wiki/Vegapunk/Atlas
S-Bear,/wiki/S-Bear
Vegapunk/Edison,/wiki/Vegapunk/Edison
Vegapunk/Pythagoras,/wiki/Vegapunk/Pythagoras
Vegapunk/York,/wiki/Vegapunk/York
S-Shark,/wiki/S-Shark
Joshu,/wiki/Joshu
Emma,/wiki/Emma
Buckingham Stussy,/wiki/Buckingham_Stussy
Ratel,/wiki/Ratel
Gerotini,/wiki/Gerotini
Fugar,/wiki/Fugar
Pururu,/wiki/Pururu
Oli,/wiki/Oli
Jiron,/wiki/Jiron
Pluming,/wiki/Pluming
Usakkov,/wiki/Usakkov
Nefertari Lili,/wiki/Nefertari_Lili
Figarland Garling,/wiki/Figarland_Garling
